route_number,stop_sequence,stop_id
101,1,1
101,2,2
101,3,3
101,4,4
101,5,5
101,6,6
101,7,7
101,8,8
101,9,9
101,10,10
101,11,11
101,12,12
101,13,13
101,14,14
101,15,15
101,16,16
101,17,17
101,18,18
101,19,19
101,20,20
101,21,21
101,22,22
101,23,23
101,24,24
101,25,25
101,26,26
101,27,27
101,28,28
101,29,29
103,1,30
103,2,31
103,3,32
103,4,33
103,5,34
103,6,35
103,7,36
103,8,37
103,9,38
103,10,39
103,11,40
103,12,41
103,13,42
103,14,43
103,15,44
103,16,45
103,17,46
103,18,9
103,19,47
103,20,48
103,21,49
103,22,50
103,23,51
103,24,52
103,25,53
103,26,54
103,27,55
103,28,56
103,29,57
103,30,58
103,31,59
103,32,60
103,33,61
103,34,62
103,35,63
103,36,64
103,37,65
103,38,66
103,39,67
103,40,68
103,41,69
103,42,70
103,43,71
103,44,72
103,45,73
103,46,74
103,47,75
103,48,76
103,49,77
103,50,78
103,51,79
103,52,80
103,53,81
103,54,82
103,55,83
105,1,10
105,2,47
105,3,84
105,4,85
105,5,86
105,6,46
105,7,45
105,8,44
105,9,43
105,10,42
105,11,41
105,12,40
105,13,39
105,14,38
105,15,37
105,16,36
105,17,35
105,18,34
105,19,33
105,20,32
105,21,31
105,22,30
105,23,87
105,24,88
105,25,89
105,26,90
105,27,91
105,28,92
105,29,93
105,30,94
105,31,95
105,32,96
105,33,97
105,34,98
105,35,99
105,36,100
105,37,101
105,38,102
105,39,103
105,40,104
105,41,105
105,42,106
105,43,107
105,44,108
105,45,109
105,46,110
105,47,111
105,48,112
105,49,113
105,50,114
105,51,115
105,52,116
105,53,117
105,54,118
105,55,119
105,56,120
107,1,121
107,2,30
107,3,31
107,4,32
107,5,33
107,6,34
107,7,35
107,8,36
107,9,37
107,10,38
107,11,39
107,12,40
107,13,41
107,14,42
107,15,43
107,16,44
107,17,45
107,18,46
107,19,9
107,20,122
107,21,123
107,22,124
107,23,103
107,24,125
107,25,126
107,26,127
107,27,128
107,28,129
107,29,130
107,30,131
107,31,132
107,32,133
107,33,134
107,34,135
107,35,136
107,36,137
107,37,138
107,38,139
107,39,140
107,40,141
11,1,8
11,2,46
11,3,9
11,4,47
11,5,48
11,6,49
11,7,50
11,8,51
11,9,52
11,10,53
11,11,54
11,12,55
11,13,142
11,14,143
11,15,144
11,16,145
11,17,146
11,18,147
11,19,148
11,20,149
11,21,150
11,22,151
11,23,152
11,24,153
11,25,154
11,26,155
11,27,156
110A,1,143
110A,2,142
110A,3,55
110A,4,54
110A,5,157
110A,6,158
110A,7,159
110A,8,160
110A,9,161
110A,10,2
110A,11,3
110A,12,4
110A,13,5
110A,14,6
110A,15,7
110A,16,8
110A,17,9
110A,18,10
110A,19,11
110A,20,12
110A,21,13
110A,22,14
110A,23,15
110A,24,16
110A,25,17
110A,26,18
110A,27,19
110A,28,20
110A,29,21
110A,30,162
110B,1,163
110B,2,164
110B,3,30
110B,4,31
110B,5,32
110B,6,33
110B,7,34
110B,8,35
110B,9,36
110B,10,37
110B,11,38
110B,12,39
110B,13,40
110B,14,41
110B,15,42
110B,16,43
110B,17,44
110B,18,45
110B,19,46
110B,20,9
110B,21,10
110B,22,11
110B,23,12
110B,24,13
110B,25,14
110B,26,15
110B,27,16
110B,28,17
110B,29,18
110B,30,19
110B,31,20
110B,32,21
110B,33,162
112,1,165
112,2,47
112,3,48
112,4,49
112,5,50
112,6,51
112,7,52
112,8,53
112,9,54
112,10,55
112,11,56
112,12,57
112,13,58
112,14,59
112,15,60
112,16,61
112,17,62
11B,1,8
11B,2,46
11B,3,9
11B,4,47
11B,5,48
11B,6,49
11B,7,50
11B,8,51
11B,9,52
11B,10,53
11B,11,54
11B,12,55
11B,13,142
11B,14,143
11B,15,144
11B,16,145
11B,17,146
11B,18,147
11B,19,148
11B,20,149
11B,21,150
11B,22,151
11B,23,152
11B,24,153
11B,25,154
11B,26,155
11B,27,156
11B,28,166
11B,29,167
11B,30,168
11B,31,169
11B,32,170
11B,33,171
11B,34,172
11B,35,173
11B,36,174
11B,37,175
11B,38,176
11B,39,177
11B,40,178
11B,41,179
11C,1,8
11C,2,46
11C,3,9
11C,4,47
11C,5,48
11C,6,49
11C,7,50
11C,8,51
11C,9,52
11C,10,53
11C,11,54
11C,12,55
11C,13,142
11C,14,143
11C,15,144
11C,16,145
11C,17,146
11C,18,147
11C,19,148
11C,20,149
11C,21,150
11C,22,151
11C,23,152
11C,24,153
11C,25,154
11C,26,155
11C,27,156
11C,28,180
11C,29,74
11C,30,75
11C,31,76
11C,32,77
11C,33,78
11C,34,79
11C,35,80
11C,36,81
11C,37,82
11C,38,83
12,1,1
12,2,2
12,3,3
12,4,4
12,5,5
12,6,6
12,7,7
12,8,8
12,9,9
12,10,10
12,11,11
12,12,12
12,13,181
12,14,182
12,15,183
12,16,184
12,17,21
12,18,126
12,19,185
12,20,186
12,21,187
12,22,188
12,23,189
12,24,190
12,25,191
12,26,192
12,27,193
12,28,194
12C,1,195
12C,2,196
12C,3,197
12C,4,198
12C,5,4
12C,6,5
12C,7,6
12C,8,7
12C,9,8
12C,10,46
12C,11,9
12C,12,10
12C,13,11
12C,14,12
12C,15,181
12C,16,182
12C,17,183
12C,18,184
12C,19,21
12C,20,126
12C,21,185
12C,22,186
12C,23,187
12C,24,188
12D,1,1
12D,2,2
12D,3,3
12D,4,4
12D,5,5
12D,6,6
12D,7,7
12D,8,8
12D,9,9
12D,10,10
12D,11,11
12D,12,12
12D,13,181
12D,14,182
12D,15,183
12D,16,184
12D,17,21
12D,18,126
12D,19,185
12D,20,186
12D,21,187
12D,22,188
12D,23,189
12D,24,190
12D,25,191
12D,26,192
12D,27,193
12D,28,194
12D,29,199
12D,30,200
12D,31,201
12D,32,202
12D,33,203
12D,34,204
12D,35,205
12D,36,206
13B,1,165
13B,2,10
13B,3,47
13B,4,48
13B,5,207
13B,6,208
13B,7,209
13B,8,210
13B,9,211
13B,10,147
13B,11,148
13B,12,149
13B,13,150
13B,14,151
13B,15,152
13B,16,153
13B,17,212
13B,18,213
13B,19,214
13B,20,215
13B,21,63
13B,22,64
13B,23,65
13B,24,66
13B,25,67
13B,26,216
13C,1,165
13C,2,10
13C,3,47
13C,4,48
13C,5,207
13C,6,208
13C,7,209
13C,8,210
13C,9,211
13C,10,147
13C,11,148
13C,12,149
13C,13,150
13C,14,151
13C,15,152
13C,16,153
13C,17,212
13C,18,213
13C,19,214
13C,20,215
13C,21,63
13C,22,64
13C,23,65
13C,24,66
13C,25,67
13C,26,216
14,1,1
14,2,2
14,3,3
14,4,4
14,5,5
14,6,6
14,7,7
14,8,8
14,9,46
14,10,9
14,11,122
14,12,123
14,13,124
14,14,103
14,15,125
14,16,126
14,17,127
14,18,128
14,19,129
14,20,130
14,21,131
14,22,217
14,23,218
14,24,219
14,25,220
14,26,221
14,27,222
14,28,223
14,29,224
14,30,225
14,31,226
14,32,39
14,33,227
14,34,228
14,35,229
15,1,14
15,2,13
15,3,11
15,4,10
15,5,47
15,6,84
15,7,86
15,8,8
15,9,7
15,10,6
15,11,230
15,12,5
15,13,4
15,14,3
15,15,2
15,16,161
15,17,160
15,18,231
15,19,232
15,20,233
15,21,234
15,22,235
15,23,236
15,24,237
15,25,238
15,26,239
15,27,240
16B,1,143
16B,2,142
16B,3,55
16B,4,54
16B,5,53
16B,6,52
16B,7,51
16B,8,50
16B,9,49
16B,10,241
16B,11,48
16B,12,86
16B,13,8
16B,14,7
16B,15,6
16B,16,230
16B,17,5
16B,18,4
16B,19,3
16B,20,198
16B,21,242
16B,22,243
16B,23,244
16B,24,245
16B,25,246
16B,26,247
16B,27,248
16B,28,249
16B,29,250
16B,30,251
16B,31,252
16B,32,253
16B,33,254
16B,34,255
16B,35,256
16B,36,257
16B,37,258
16B,38,259
16B,39,260
16B,40,261
17,1,244
17,2,243
17,3,198
17,4,3
17,5,4
17,6,5
17,7,6
17,8,7
17,9,8
17,10,9
17,11,10
17,12,11
17,13,12
17,14,13
17,15,14
17,16,15
17,17,16
17,18,17
17,19,18
17,20,19
17,21,20
17,22,21
17,23,22
17,24,23
17,25,24
17,26,25
17,27,26
17,28,27
17,29,28
17,30,262
18,1,1
18,2,2
18,3,3
18,4,4
18,5,5
18,6,6
18,7,7
18,8,8
18,9,9
18,10,10
18,11,11
18,12,12
18,13,181
18,14,182
18,15,183
18,16,184
18,17,21
18,18,126
18,19,185
18,20,187
18,21,188
18,22,189
18,23,190
18,24,191
18,25,192
18,26,193
18,27,194
18,28,199
18,29,200
18,30,201
18,31,202
18,32,203
18,33,204
18,34,205
18,35,206
19B,1,165
19B,2,10
19B,3,47
19B,4,84
19B,5,86
19B,6,46
19B,7,45
19B,8,44
19B,9,43
19B,10,42
19B,11,41
19B,12,40
19B,13,39
19B,14,38
19B,15,37
19B,16,36
19B,17,35
19B,18,34
19B,19,33
19B,20,32
19B,21,31
19B,22,30
19B,23,87
19B,24,88
19B,25,89
19B,26,90
19B,27,91
19B,28,92
19B,29,93
19B,30,94
19B,31,95
19B,32,96
19B,33,97
19B,34,98
19B,35,99
19B,36,100
19B,37,101
19B,38,102
19B,39,103
19B,40,104
19B,41,105
19B,42,106
19B,43,107
19B,44,108
19B,45,109
19B,46,110
19B,47,111
19B,48,112
19B,49,113
19B,50,114
19B,51,115
19B,52,116
1C,1,92
1C,2,91
1C,3,90
1C,4,89
1C,5,88
1C,6,87
1C,7,30
1C,8,263
1C,9,31
1C,10,32
1C,11,33
1C,12,34
1C,13,35
1C,14,36
1C,15,37
1C,16,38
1C,17,39
1C,18,40
1C,19,41
1C,20,42
1C,21,43
1C,22,44
1C,23,45
1C,24,46
1C,25,8
1C,26,7
1C,27,6
1C,28,230
1C,29,5
1C,30,208
1C,31,264
1C,32,265
1C,33,266
1C,34,267
21,1,1
21,2,2
21,3,3
21,4,4
21,5,5
21,6,6
21,7,7
21,8,8
21,9,46
21,10,9
21,11,47
21,12,48
21,13,207
21,14,208
21,15,268
21,16,269
21,17,270
21,18,271
21,19,272
21,20,273
21,21,274
21,22,162
21,23,275
21,24,276
21,25,277
21,26,278
21,27,75
21C,1,1
21C,2,2
21C,3,3
21C,4,4
21C,5,5
21C,6,6
21C,7,7
21C,8,8
21C,9,46
21C,10,9
21C,11,47
21C,12,48
21C,13,207
21C,14,208
21C,15,268
21C,16,269
21C,17,270
21C,18,271
21C,19,272
21C,20,273
21C,21,274
21C,22,162
21C,23,275
21C,24,276
21C,25,277
21C,26,278
21C,27,279
21C,28,280
21C,29,281
21C,30,282
21C,31,283
21C,32,284
21C,33,285
21C,34,286
21C,35,287
21C,36,288
22,1,289
22,2,290
22,3,291
22,4,292
22,5,292
22,6,293
22,7,294
22,8,295
22,9,296
22,10,297
22,11,42
22,12,43
22,13,44
22,14,45
22,15,46
22,16,9
22,17,47
22,18,48
22,19,207
22,20,208
22,21,209
22,22,298
22,23,264
22,24,265
22,25,299
22,26,300
22,27,301
22,28,266
22,29,302
22,30,271
24,1,10
24,2,47
24,3,84
24,4,86
24,5,8
24,6,7
24,7,6
24,8,230
24,9,5
24,10,4
24,11,3
24,12,2
24,13,161
24,14,160
24,15,231
24,16,232
24,17,233
24,18,234
24,19,235
24,20,236
24,21,237
24,22,238
24,23,239
24,24,240
24,25,303
24,26,304
24,27,305
24,28,306
24,29,307
24,30,308
24,31,309
24,32,310
24A,1,165
24A,2,10
24A,3,47
24A,4,84
24A,5,86
24A,6,8
24A,7,7
24A,8,6
24A,9,230
24A,10,5
24A,11,4
24A,12,3
24A,13,2
24A,14,161
24A,15,160
24A,16,231
24A,17,232
24A,18,233
24A,19,234
24A,20,235
24A,21,236
24A,22,237
24A,23,238
24A,24,239
24A,25,240
24A,26,303
24A,27,304
24A,28,305
24A,29,306
24A,30,311
24A,31,312
24A,32,313
24A,33,314
24A,34,315
24A,35,316
24A,36,317
24A,37,318
25,1,150
25,2,149
25,3,148
25,4,147
25,5,146
25,6,145
25,7,144
25,8,143
25,9,142
25,10,55
25,11,54
25,12,53
25,13,52
25,14,319
25,15,241
25,16,48
25,17,10
25,18,165
25,19,124
25,20,103
25,21,125
25,22,126
25,23,127
25,24,320
25,25,129
25,26,130
25,27,131
25,28,217
25,29,218
25,30,220
25,31,221
25,32,321
25,33,282
26,1,165
26,2,10
26,3,47
26,4,84
26,5,86
26,6,8
26,7,7
26,8,6
26,9,230
26,10,5
26,11,4
26,12,3
26,13,198
26,14,197
26,15,196
26,16,195
26,17,1
26,18,160
26,19,159
26,20,158
26,21,157
26,22,322
26,23,323
26,24,324
26,25,57
26,26,58
26,27,59
26,28,60
26,29,61
26,30,62
26,31,63
26,32,64
26,33,65
26,34,66
26,35,67
26,36,68
26,37,69
26,38,70
26,39,71
26,40,72
26,41,73
26,42,74
26,43,75
26,44,76
26,45,77
26,46,78
26,47,79
26,48,80
26,49,81
26,50,82
26,51,83
26,52,174
26,53,175
26,54,176
26,55,177
26,56,178
26,57,179
26A,1,10
26A,2,47
26A,3,84
26A,4,86
26A,5,8
26A,6,7
26A,7,6
26A,8,230
26A,9,5
26A,10,4
26A,11,3
26A,12,2
26A,13,161
26A,14,160
26A,15,159
26A,16,158
26A,17,157
26A,18,322
26A,19,323
26A,20,324
26A,21,57
26A,22,58
26A,23,59
26A,24,60
26A,25,61
26A,26,62
26A,27,63
26A,28,64
26A,29,65
26A,30,66
26A,31,67
26A,32,68
26A,33,69
26A,34,70
26A,35,71
26A,36,72
26A,37,73
26A,38,74
26A,39,75
26A,40,76
26A,41,77
26A,42,78
26A,43,79
26A,44,80
26A,45,81
26A,46,82
26A,47,83
26A,48,175
27,1,8
27,2,46
27,3,9
27,4,47
27,5,48
27,6,49
27,7,50
27,8,51
27,9,52
27,10,53
27,11,54
27,12,55
27,13,56
27,14,57
27,15,58
27,16,59
27,17,60
27,18,61
27,19,62
27,20,63
27,21,64
27,22,65
27,23,66
27,24,67
27,25,68
27,26,69
27,27,325
27,28,326
27,29,327
27,30,328
27,31,329
27,32,330
27,33,331
27,34,332
27,35,333
27,36,334
27,37,335
27,38,336
27,39,337
27,40,338
27,41,339
27,42,340
27,43,341
27,44,342
27,45,169
27,46,343
27A,1,10
27A,2,47
27A,3,84
27A,4,86
27A,5,8
27A,6,7
27A,7,6
27A,8,230
27A,9,5
27A,10,4
27A,11,3
27A,12,2
27A,13,161
27A,14,160
27A,15,159
27A,16,158
27A,17,157
27A,18,322
27A,19,323
27A,20,324
27A,21,57
27A,22,58
27A,23,59
27A,24,60
27A,25,61
27A,26,62
27A,27,63
27A,28,64
27A,29,65
27A,30,66
27A,31,67
27A,32,68
27A,33,69
27A,34,344
27A,35,345
27A,36,346
27A,37,347
27A,38,348
27A,39,349
27A,40,350
27A,41,351
27B,1,165
27B,2,10
27B,3,47
27B,4,48
27B,5,49
27B,6,50
27B,7,51
27B,8,52
27B,9,53
27B,10,54
27B,11,55
27B,12,56
27B,13,57
27B,14,58
27B,15,59
27B,16,60
27B,17,61
27B,18,62
27B,19,63
27B,20,64
27B,21,65
27B,22,66
27B,23,67
27B,24,68
27B,25,69
27B,26,325
27B,27,326
27B,28,327
27B,29,328
27B,30,329
27B,31,330
27B,32,331
27B,33,332
27B,34,333
27B,35,334
27B,36,335
27B,37,336
27B,38,337
27B,39,338
27B,40,339
27B,41,340
27B,42,341
27B,43,342
27B,44,169
27B,45,343
29,1,1
29,2,2
29,3,198
29,4,242
29,5,243
29,6,352
29,7,353
29,8,294
29,9,39
29,10,38
29,11,37
29,12,36
29,13,35
29,14,34
29,15,33
29,16,32
29,17,31
29,18,30
29,19,87
29,20,88
29,21,89
29,22,90
29,23,91
29,24,92
29,25,93
29,26,94
29,27,354
2B,1,127
2B,2,126
2B,3,125
2B,4,103
2B,5,124
2B,6,123
2B,7,47
2B,8,86
2B,9,8
2B,10,7
2B,11,6
2B,12,230
2B,13,5
2B,14,4
2B,15,3
2B,16,198
2B,17,197
2B,18,196
2B,19,195
2B,20,1
2B,21,160
2B,22,231
2B,23,232
2B,24,233
2B,25,234
2B,26,235
2B,27,236
2B,28,237
2B,29,238
2B,30,355
2B,31,356
2C,1,357
2C,2,312
2C,3,358
2C,4,359
2C,5,232
2C,6,231
2C,7,160
2C,8,161
2C,9,2
2C,10,3
2C,11,4
2C,12,5
2C,13,6
2C,14,7
2C,15,8
2C,16,46
2C,17,9
2C,18,122
2C,19,123
2C,20,124
2C,21,103
2C,22,125
2C,23,126
2C,24,127
2C,25,128
2C,26,129
2C,27,130
2D,1,130
2D,2,129
2D,3,320
2D,4,127
2D,5,126
2D,6,125
2D,7,103
2D,8,124
2D,9,123
2D,10,122
2D,11,47
2D,12,84
2D,13,86
2D,14,8
2D,15,7
2D,16,6
2D,17,230
2D,18,5
2D,19,4
2D,20,3
2D,21,198
2D,22,242
2D,23,243
2D,24,244
2D,25,245
2D,26,246
2D,27,247
2D,28,248
2D,29,249
2D,30,250
2D,31,251
2D,32,252
2D,33,253
2D,34,254
2D,35,255
3,1,233
3,2,232
3,3,231
3,4,160
3,5,161
3,6,2
3,7,360
3,8,5
3,9,361
3,10,6
3,11,7
3,12,8
3,13,46
3,14,9
3,15,10
3,16,11
3,17,13
3,18,14
3,19,15
3,20,16
3,21,17
3,22,18
3,23,19
3,24,20
3,25,21
3,26,22
3,27,23
3,28,24
3,29,25
3,30,26
3,31,27
3,32,362
30,1,30
30,2,31
30,3,32
30,4,33
30,5,34
30,6,35
30,7,36
30,8,37
30,9,38
30,10,39
30,11,40
30,12,41
30,13,42
30,14,43
30,15,44
30,16,45
30,17,46
30,18,9
30,19,10
30A,1,10
30A,2,47
30A,3,84
30A,4,86
30A,5,46
30A,6,45
30A,7,44
30A,8,43
30A,9,42
30A,10,41
30A,11,40
30A,12,39
30A,13,38
30A,14,37
30A,15,36
30A,16,35
30A,17,34
30A,18,33
30A,19,32
30A,20,31
30A,21,30
30A,22,87
30A,23,88
30A,24,89
30A,25,90
30A,26,91
30A,27,92
30A,28,93
30A,29,94
30A,30,95
30A,31,96
30A,32,97
30A,33,98
30A,34,99
30A,35,100
30A,36,101
30A,37,102
30A,38,103
30A,39,104
30A,40,105
30A,41,106
30A,42,107
30A,43,108
30A,44,109
30A,45,110
30C,1,10
30C,2,47
30C,3,84
30C,4,86
30C,5,46
30C,6,45
30C,7,44
30C,8,43
30C,9,42
30C,10,41
30C,11,40
30C,12,39
30C,13,38
30C,14,37
30C,15,36
30C,16,35
30C,17,34
30C,18,33
30C,19,32
30C,20,31
30C,21,30
30C,22,87
30C,23,88
30C,24,89
30C,25,90
30C,26,91
30C,27,92
30C,28,93
30C,29,94
30C,30,95
30C,31,96
30C,32,97
30C,33,98
30C,34,99
30C,35,100
30C,36,101
30C,37,102
30C,38,103
30C,39,104
30C,40,105
30C,41,106
30C,42,107
30C,43,108
30C,44,109
30C,45,110
30C,46,111
30C,47,112
30C,48,113
30C,49,114
30C,50,115
30C,51,116
30E,1,165
30E,2,10
30E,3,47
30E,4,84
30E,5,86
30E,6,46
30E,7,45
30E,8,44
30E,9,43
30E,10,42
30E,11,41
30E,12,40
30E,13,39
30E,14,38
30E,15,37
30E,16,36
30E,17,35
30E,18,34
30E,19,33
30E,20,32
30E,21,31
30E,22,30
30E,23,87
30E,24,88
30E,25,89
30E,26,90
30E,27,91
30E,28,92
30E,29,93
30E,30,94
30E,31,95
30E,32,96
30E,33,97
30E,34,98
30E,35,99
30E,36,100
30E,37,101
30E,38,102
30E,39,103
30E,40,104
30E,41,105
30E,42,106
30E,43,107
30E,44,108
30E,45,109
30E,46,110
30F,1,86
30F,2,8
30F,3,7
30F,4,6
30F,5,361
30F,6,198
30F,7,242
30F,8,243
30F,9,244
30F,10,245
30F,11,246
30F,12,247
30F,13,248
30F,14,249
30F,15,250
30F,16,251
30F,17,252
30F,18,253
30F,19,254
30F,20,255
30F,21,363
30F,22,364
30F,23,365
30F,24,366
30F,25,367
30F,26,368
30F,27,369
30F,28,370
30F,29,371
30F,30,372
30F,31,373
30F,32,374
30F,33,375
30F,34,376
30F,35,377
30F,36,378
30F,37,379
30F,38,380
30F,39,322
30F,40,381
30G,1,165
30G,2,10
30G,3,47
30G,4,84
30G,5,86
30G,6,8
30G,7,7
30G,8,6
30G,9,361
30G,10,198
30G,11,242
30G,12,243
30G,13,244
30G,14,245
30G,15,246
30G,16,247
30G,17,248
30G,18,249
30G,19,250
30G,20,251
30G,21,252
30G,22,253
30G,23,254
30G,24,255
30G,25,363
30G,26,364
30G,27,365
30G,28,366
30G,29,367
30G,30,368
30G,31,369
30G,32,370
30G,33,371
30G,34,372
30G,35,373
30G,36,374
30G,37,375
30G,38,376
30G,39,377
30G,40,378
30G,41,379
30G,42,380
30G,43,322
30G,44,381
31,1,256
31,2,255
31,3,254
31,4,253
31,5,252
31,6,251
31,7,250
31,8,249
31,9,248
31,10,247
31,11,382
31,12,245
31,13,244
31,14,243
31,15,198
31,16,3
31,17,4
31,18,5
31,19,6
31,20,7
31,21,8
31,22,9
31,23,10
31,24,11
31,25,12
31,26,181
31,27,182
31,28,183
31,29,383
320,1,8
320,2,9
320,3,47
320,4,48
320,5,49
320,6,50
320,7,51
320,8,52
320,9,53
320,10,54
320,11,55
320,12,56
320,13,57
320,14,58
320,15,59
320,16,60
320,17,61
320,18,62
320,19,63
320,20,64
320,21,65
320,22,66
320,23,67
320,24,68
320,25,69
320,26,325
320,27,326
320,28,327
320,29,328
320,30,329
320,31,330
320,32,331
320,33,332
320,34,333
320,35,334
320,36,335
320,37,336
320,38,337
320,39,338
320,40,339
320,41,340
320,42,341
320,43,342
320,44,384
320,45,385
320,46,386
320,47,177
32A,1,8
32A,2,9
32A,3,47
32A,4,48
32A,5,49
32A,6,50
32A,7,51
32A,8,52
32A,9,53
32A,10,54
32A,11,55
32A,12,56
32A,13,57
32A,14,58
32A,15,59
32A,16,60
32A,17,61
32A,18,62
32A,19,63
32A,20,64
32A,21,65
32A,22,66
32A,23,67
32A,24,68
32A,25,69
32A,26,325
32A,27,326
32A,28,327
32A,29,328
32A,30,329
32A,31,330
32A,32,331
32A,33,332
32A,34,333
32A,35,334
32A,36,335
32A,37,336
32A,38,337
32A,39,338
32A,40,339
32A,41,340
32A,42,341
32A,43,342
32A,44,169
32A,45,343
32B,1,165
32B,2,10
32B,3,47
32B,4,48
32B,5,49
32B,6,50
32B,7,51
32B,8,52
32B,9,53
32B,10,54
32B,11,55
32B,12,56
32B,13,57
32B,14,58
32B,15,59
32B,16,60
32B,17,61
32B,18,62
32B,19,63
32B,20,64
32B,21,65
32B,22,66
32B,23,67
32B,24,68
32B,25,69
32B,26,325
32B,27,326
32B,28,327
32B,29,328
32B,30,329
32B,31,330
32B,32,331
32B,33,332
32B,34,334
32B,35,335
32B,36,336
32B,37,337
32B,38,338
32C,1,8
32C,2,9
32C,3,47
32C,4,48
32C,5,49
32C,6,50
32C,7,51
32C,8,52
32C,9,53
32C,10,54
32C,11,55
32C,12,56
32C,13,57
32C,14,58
32C,15,59
32C,16,60
32C,17,61
32C,18,62
32C,19,63
32C,20,64
32C,21,65
32C,22,66
32C,23,67
32C,24,68
32C,25,69
32C,26,325
32C,27,326
32C,28,327
32C,29,328
32C,30,329
32C,31,330
32C,32,331
32C,33,332
32C,34,333
32C,35,334
32C,36,335
32C,37,336
32C,38,337
32C,39,338
32C,40,387
32C,41,138
32C,42,388
32C,43,389
32H,1,10
32H,2,47
32H,3,48
32H,4,49
32H,5,50
32H,6,51
32H,7,52
32H,8,53
32H,9,54
32H,10,55
32H,11,56
32H,12,57
32H,13,58
32H,14,59
32H,15,60
32H,16,61
32H,17,62
32H,18,63
32H,19,64
32H,20,65
32H,21,66
32H,22,67
32H,23,68
32H,24,69
32H,25,325
32H,26,326
32H,27,327
32H,28,328
32H,29,329
32H,30,330
32H,31,331
32H,32,332
32H,33,333
32H,34,334
32H,35,335
32H,36,336
32H,37,337
32H,38,338
33A,1,1
33A,2,2
33A,3,360
33A,4,5
33A,5,6
33A,6,7
33A,7,8
33A,8,9
33A,9,10
33A,10,11
33A,11,12
33A,12,181
33A,13,182
33A,14,183
33A,15,184
33A,16,21
33A,17,126
33A,18,185
33A,19,186
33A,20,187
33A,21,188
33A,22,189
33A,23,190
33A,24,191
33A,25,192
33A,26,193
33A,27,194
33A,28,199
33A,29,200
33A,30,202
33A,31,205
33A,32,390
33A,33,391
33A,34,392
33E,1,8
33E,2,9
33E,3,10
33E,4,11
33E,5,12
33E,6,181
33E,7,182
33E,8,183
33E,9,184
33E,10,21
33E,11,126
33E,12,185
33E,13,186
33E,14,187
33E,15,188
33E,16,189
33E,17,190
33E,18,191
33E,19,393
33E,20,394
33E,21,395
33E,22,396
34,1,39
34,2,40
34,3,41
34,4,42
34,5,43
34,6,44
34,7,45
34,8,46
34,9,8
34,10,7
34,11,6
34,12,230
34,13,5
34,14,208
34,15,211
34,16,147
34,17,148
34,18,149
34,19,150
34,20,151
34,21,152
34,22,153
34,23,154
34,24,155
34,25,156
34,26,166
34,27,167
34,28,168
34,29,169
34,30,170
34,31,171
34,32,172
34,33,173
34,34,174
34,35,83
35,1,397
35,2,398
35,3,399
35,4,195
35,5,196
35,6,197
35,7,198
35,8,3
35,9,4
35,10,5
35,11,6
35,12,7
35,13,8
35,14,46
35,15,9
35,16,122
35,17,123
35,18,124
35,19,103
35,20,125
35,21,126
35,22,127
35,23,128
35,24,129
35,25,130
35,26,131
35,27,217
35,28,218
35,29,219
35,30,220
35,31,221
35,32,400
37,1,10
37,2,47
37,3,84
37,4,86
37,5,46
37,6,45
37,7,44
37,8,43
37,9,42
37,10,41
37,11,40
37,12,39
37,13,38
37,14,37
37,15,36
37,16,35
37,17,34
37,18,33
37,19,32
37,20,31
37,21,30
37,22,87
37,23,88
37,24,89
37,25,90
37,26,91
37,27,92
37,28,93
37,29,94
37,30,95
37,31,96
37,32,97
37,33,98
37,34,99
37,35,100
37,36,101
37,37,102
37,38,401
37,39,402
37,40,403
37,41,404
37,42,405
38A,1,126
38A,2,125
38A,3,103
38A,4,124
38A,5,123
38A,6,406
38A,7,84
38A,8,86
38A,9,8
38A,10,7
38A,11,6
38A,12,230
38A,13,5
38A,14,4
38A,15,3
38A,16,2
38A,17,161
38A,18,160
38A,19,159
38A,20,158
38A,21,157
38A,22,322
38A,23,323
38A,24,324
38A,25,57
38A,26,58
38A,27,59
38A,28,60
38A,29,61
38A,30,62
38A,31,63
38A,32,64
38A,33,65
38A,34,66
38A,35,67
39,1,10
39,2,47
39,3,84
39,4,86
39,5,8
39,6,7
39,7,6
39,8,230
39,9,5
39,10,4
39,11,3
39,12,198
39,13,242
39,14,243
39,15,244
39,16,245
39,17,246
39,18,247
39,19,248
39,20,249
39,21,250
39,22,251
39,23,252
39,24,253
39,25,254
39,26,255
39,27,363
39,28,364
39,29,365
39,30,366
39,31,367
39,32,368
3B,1,143
3B,2,142
3B,3,55
3B,4,54
3B,5,53
3B,6,52
3B,7,51
3B,8,50
3B,9,49
3B,10,241
3B,11,48
3B,12,10
3B,13,11
3B,14,12
3B,15,13
3B,16,14
3B,17,15
3B,18,16
3B,19,17
3B,20,18
3B,21,19
3B,22,20
3B,23,21
3B,24,22
3B,25,23
3BC,1,1
3BC,2,2
3BC,3,3
3BC,4,4
3BC,5,5
3BC,6,6
3BC,7,7
3BC,8,8
3BC,9,46
3BC,10,9
3BC,11,10
3BC,12,11
3BC,13,12
3BC,14,13
3BC,15,14
3BC,16,15
3BC,17,16
3BC,18,17
3BC,19,18
3BC,20,19
3BC,21,20
3BC,22,21
3BC,23,22
3BC,24,23
3BC,25,24
3BC,26,25
3BC,27,26
3BC,28,27
3BC,29,28
3BC,30,262
3C,1,233
3C,2,232
3C,3,231
3C,4,160
3C,5,161
3C,6,2
3C,7,360
3C,8,241
3C,9,48
3C,10,10
3C,11,11
3C,12,12
3C,13,13
3C,14,14
3C,15,15
3C,16,16
3C,17,17
3C,18,18
3C,19,19
3C,20,20
3C,21,21
3C,22,22
3C,23,23
3C,24,24
3C,25,25
3C,26,26
3C,27,27
3C,28,362
3D,1,233
3D,2,232
3D,3,231
3D,4,160
3D,5,161
3D,6,2
3D,7,3
3D,8,4
3D,9,5
3D,10,6
3D,11,7
3D,12,8
3D,13,46
3D,14,9
3D,15,10
3D,16,11
3D,17,12
3D,18,13
3D,19,14
3D,20,15
3D,21,16
3D,22,17
3D,23,18
3D,24,19
3E,1,1
3E,2,2
3E,3,3
3E,4,4
3E,5,5
3E,6,6
3E,7,7
3E,8,8
3E,9,46
3E,10,9
3E,11,10
3E,12,11
3E,13,12
3E,14,13
3E,15,14
3E,16,15
3E,17,16
3E,18,17
3E,19,18
3E,20,19
3E,21,20
3E,22,21
3E,23,22
3E,24,23
3E,25,24
3E,26,25
3E,27,26
3E,28,27
3E,29,362
3F,1,143
3F,2,142
3F,3,56
3F,4,324
3F,5,407
3F,6,323
3F,7,322
3F,8,157
3F,9,158
3F,10,159
3F,11,160
3F,12,161
3F,13,2
3F,14,3
3F,15,4
3F,16,5
3F,17,6
3F,18,7
3F,19,8
3F,20,46
3F,21,9
3F,22,10
3F,23,11
3F,24,12
3F,25,13
3F,26,14
3F,27,15
3F,28,16
3F,29,17
3F,30,18
3F,31,19
3F,32,20
3F,33,21
3F,34,22
3F,35,23
3G,1,356
3G,2,237
3G,3,236
3G,4,235
3G,5,234
3G,6,233
3G,7,232
3G,8,231
3G,9,160
3G,10,161
3G,11,2
3G,12,3
3G,13,4
3G,14,5
3G,15,6
3G,16,7
3G,17,8
3G,18,46
3G,19,9
3G,20,10
3G,21,11
3G,22,12
3G,23,13
3G,24,14
3G,25,15
3G,26,16
3G,27,17
3G,28,18
3G,29,19
3G,30,20
3G,31,21
3G,32,22
3G,33,23
3G,34,24
3G,35,25
3G,36,26
3G,37,27
3G,38,28
3H,1,19
3H,2,18
3H,3,17
3H,4,16
3H,5,15
3H,6,14
3H,7,13
3H,8,11
3H,9,10
3H,10,47
3H,11,84
3H,12,86
3H,13,8
3H,14,7
3H,15,6
3H,16,230
3H,17,5
3H,18,4
3H,19,3
3H,20,2
3H,21,161
3H,22,160
3H,23,231
3H,24,232
3H,25,233
3H,26,234
3H,27,235
3H,28,236
3H,29,237
3H,30,356
3H,31,408
3K,1,233
3K,2,232
3K,3,231
3K,4,160
3K,5,161
3K,6,2
3K,7,3
3K,8,4
3K,9,5
3K,10,6
3K,11,7
3K,12,8
3K,13,46
3K,14,9
3K,15,10
3K,16,11
3K,17,12
3K,18,13
3K,19,14
3K,20,15
3K,21,16
3K,22,17
3K,23,18
3K,24,19
3K,25,281
3K,26,409
3K,27,410
3K,28,140
3K,29,141
4,1,411
4,2,412
4,3,413
4,4,414
4,5,415
4,6,416
4,7,417
4,8,181
4,9,12
4,10,11
4,11,10
4,12,47
4,13,48
4,14,49
4,15,50
4,16,51
4,17,52
4,18,53
4,19,54
4,20,55
4,21,56
4,22,57
4,23,58
4,24,59
4,25,60
4,26,61
4,27,62
4,28,63
4,29,64
4,30,65
4,31,66
4,32,67
41C,1,10
41C,2,47
41C,3,84
41C,4,86
41C,5,8
41C,6,7
41C,7,6
41C,8,230
41C,9,5
41C,10,4
41C,11,3
41C,12,198
41C,13,242
41C,14,243
41C,15,244
41C,16,245
41C,17,246
41C,18,247
41C,19,248
41C,20,249
41C,21,250
41C,22,251
41C,23,252
41C,24,253
41C,25,254
41C,26,255
41C,27,363
41C,28,364
41C,29,365
41C,30,366
41C,31,367
41C,32,368
41C,33,369
41C,34,370
41C,35,371
41C,36,372
41C,37,373
41C,38,374
41C,39,375
41C,40,376
41C,41,377
41C,42,378
42,1,86
42,2,46
42,3,45
42,4,44
42,5,43
42,6,42
42,7,41
42,8,40
42,9,39
42,10,38
42,11,37
42,12,36
42,13,35
42,14,34
42,15,33
42,16,32
42,17,31
42,18,30
42,19,87
42,20,88
42,21,89
42,22,90
42,23,418
42,24,256
42,25,419
42,26,420
42,27,421
42A,1,10
42A,2,47
42A,3,84
42A,4,86
42A,5,46
42A,6,45
42A,7,44
42A,8,43
42A,9,42
42A,10,41
42A,11,40
42A,12,39
42A,13,38
42A,14,37
42A,15,36
42A,16,35
42A,17,34
42A,18,33
42A,19,32
42A,20,31
42A,21,30
42A,22,87
42A,23,88
42A,24,89
42A,25,90
42A,26,418
42A,27,256
42A,28,419
42A,29,420
42A,30,421
42A,31,422
42A,32,423
42A,33,424
42A,34,370
43,1,211
43,2,146
43,3,145
43,4,144
43,5,143
43,6,142
43,7,55
43,8,54
43,9,53
43,10,52
43,11,241
43,12,48
43,13,86
43,14,46
43,15,45
43,16,44
43,17,43
43,18,42
43,19,41
43,20,40
43,21,39
43,22,38
43,23,37
43,24,36
43,25,35
43,26,34
43,27,33
43,28,32
43,29,31
43,30,30
43,31,425
43A,1,425
43A,2,30
43A,3,263
43A,4,31
43A,5,32
43A,6,33
43A,7,34
43A,8,35
43A,9,36
43A,10,37
43A,11,38
43A,12,39
43A,13,40
43A,14,41
43A,15,42
43A,16,43
43A,17,44
43A,18,45
43A,19,46
43A,20,8
43A,21,7
43A,22,6
43A,23,230
43A,24,5
43A,25,4
43A,26,3
43A,27,2
43A,28,161
43A,29,160
43A,30,231
43A,31,232
43A,32,426
43A,33,359
43A,34,358
43A,35,312
43A,36,357
45,1,10
45,2,47
45,3,84
45,4,86
45,5,8
45,6,7
45,7,6
45,8,230
45,9,5
45,10,4
45,11,3
45,12,2
45,13,161
45,14,160
45,15,231
45,16,232
45,17,233
45,18,234
45,19,235
45,20,236
45,21,237
45,22,238
45,23,239
45,24,240
45,25,303
45,26,304
45,27,305
45,28,306
45,29,307
45,30,308
45,31,309
45,32,310
45,33,427
45,34,428
45,35,429
45,36,430
45,37,162
45,38,431
45,39,432
45,40,433
45,41,434
45,42,435
45,43,436
45,44,437
45,45,438
45,46,439
45,47,440
46,1,82
46,2,411
46,3,412
46,4,413
46,5,414
46,6,415
46,7,416
46,8,417
46,9,181
46,10,12
46,11,11
46,12,10
46,13,47
46,14,48
46,15,49
46,16,50
46,17,51
46,18,52
46,19,53
46,20,441
46,21,442
46,22,298
46,23,264
46,24,265
46,25,299
46,26,300
46,27,301
46,28,266
46,29,302
46,30,443
46,31,267
46,32,444
46,33,169
46,34,445
46,35,446
46,36,447
46,37,448
46,38,449
46,39,450
46,40,451
46,41,452
47,1,1
47,2,2
47,3,3
47,4,4
47,5,5
47,6,6
47,7,7
47,8,8
47,9,46
47,10,9
47,11,10
47,12,11
47,13,12
47,14,181
47,15,182
47,16,183
47,17,184
47,18,21
47,19,126
47,20,185
47,21,186
47,22,187
47,23,188
47,24,189
47,25,190
47,26,191
47,27,453
47A,1,1
47A,2,2
47A,3,3
47A,4,4
47A,5,5
47A,6,6
47A,7,7
47A,8,8
47A,9,46
47A,10,9
47A,11,10
47A,12,11
47A,13,12
47A,14,181
47A,15,182
47A,16,183
47A,17,184
47A,18,21
47A,19,126
47A,20,185
47A,21,186
47A,22,187
47A,23,188
47A,24,189
47A,25,190
47A,26,191
47A,27,192
47A,28,193
47A,29,194
47A,30,199
47A,31,200
48,1,1
48,2,2
48,3,3
48,4,4
48,5,5
48,6,6
48,7,7
48,8,8
48,9,9
48,10,10
48,11,11
48,12,12
48,13,13
48,14,14
48,15,15
48,16,16
48,17,17
48,18,18
48,19,19
48,20,20
48,21,21
48,22,22
48,23,23
48,24,24
48,25,25
48,26,26
48,27,27
48,28,28
48,29,454
48,30,262
48B,1,1
48B,2,2
48B,3,360
48B,4,5
48B,5,6
48B,6,7
48B,7,8
48B,8,9
48B,9,10
48B,10,11
48B,11,12
48B,12,13
48B,13,14
48B,14,15
48B,15,16
48B,16,17
48B,17,18
48B,18,19
48B,19,20
48B,20,21
48B,21,22
48B,22,23
48B,23,24
48B,24,25
48B,25,26
48B,26,27
48B,27,455
48B,28,28
48B,29,454
48B,30,262
48B,31,456
48B,32,457
48B,33,458
48B,34,459
48B,35,460
48B,36,461
48B,37,462
48B,38,463
48B,39,464
48B,40,465
48B,41,466
48B,42,467
48B,43,468
49,1,143
49,2,142
49,3,55
49,4,54
49,5,53
49,6,52
49,7,51
49,8,50
49,9,49
49,10,241
49,11,48
49,12,10
49,13,11
49,14,12
49,15,13
49,16,14
49,17,15
49,18,16
49,19,17
49,20,18
49,21,19
49,22,20
49,23,21
4B,1,10
4B,2,47
4B,3,48
4B,4,49
4B,5,50
4B,6,51
4B,7,52
4B,8,53
4B,9,54
4B,10,55
4B,11,56
4B,12,57
4B,13,58
4B,14,59
4B,15,60
4B,16,61
4B,17,62
4B,18,63
4B,19,64
4B,20,65
4B,21,66
4B,22,67
4B,23,68
4B,24,69
4B,25,325
4B,26,326
4B,27,327
4B,28,328
4B,29,329
4B,30,330
4B,31,331
4B,32,332
4B,33,333
4B,34,334
4B,35,335
4B,36,336
4B,37,337
4B,38,338
4B,39,339
4B,40,340
4B,41,341
4B,42,342
4B,43,169
4B,44,343
4C,1,411
4C,2,412
4C,3,413
4C,4,414
4C,5,415
4C,6,416
4C,7,417
4C,8,181
4C,9,12
4C,10,11
4C,11,10
4C,12,47
4C,13,48
4C,14,49
4C,15,50
4C,16,51
4C,17,52
4C,18,53
4C,19,54
4C,20,55
4C,21,142
4C,22,143
4C,23,144
4C,24,145
4C,25,146
4C,26,147
4C,27,148
4H,1,8
4H,2,9
4H,3,47
4H,4,48
4H,5,49
4H,6,50
4H,7,51
4H,8,52
4H,9,53
4H,10,54
4H,11,55
4H,12,56
4H,13,57
4H,14,58
4H,15,59
4H,16,60
4H,17,61
4H,18,62
4H,19,63
4H,20,64
4H,21,65
4H,22,66
4H,23,67
4H,24,68
4H,25,69
4H,26,325
4H,27,326
4H,28,327
4H,29,328
4H,30,329
4H,31,330
4H,32,331
4H,33,332
4H,34,333
4H,35,334
4H,36,335
4H,37,336
4H,38,337
4H,39,338
4H,40,339
4H,41,340
4H,42,341
4H,43,342
4H,44,169
4H,45,343
4K,1,165
4K,2,47
4K,3,48
4K,4,49
4K,5,50
4K,6,51
4K,7,52
4K,8,53
4K,9,54
4K,10,55
4K,11,56
4K,12,57
4K,13,58
4K,14,59
4K,15,60
4K,16,61
4K,17,62
4K,18,63
4K,19,64
4M,1,82
4M,2,411
4M,3,412
4M,4,413
4M,5,414
4M,6,415
4M,7,416
4M,8,417
4M,9,181
4M,10,12
4M,11,11
4M,12,10
4M,13,47
4M,14,48
4M,15,49
4M,16,50
4M,17,51
4M,18,52
4M,19,53
4M,20,54
4M,21,55
4M,22,56
4M,23,57
4M,24,58
4M,25,59
4M,26,60
4M,27,61
4M,28,62
4M,29,63
4M,30,64
4M,31,65
4M,32,66
4M,33,67
50,1,1
50,2,2
50,3,3
50,4,4
50,5,5
50,6,6
50,7,7
50,8,8
50,9,9
50,10,10
50,11,11
50,12,12
50,13,181
50,14,182
50,15,183
50,16,383
51,1,1
51,2,2
51,3,360
51,4,5
51,5,6
51,6,7
51,7,8
51,8,9
51,9,10
51,10,11
51,11,12
51,12,181
51,13,417
51,14,416
51,15,415
51,16,414
51,17,413
51,18,412
51,19,411
51,20,469
51,21,470
51,22,471
51,23,472
51,24,473
51,25,474
51,26,475
51,27,476
51,28,477
51,29,478
51,30,479
51,31,480
51,32,481
51,33,482
51,34,483
51,35,484
51,36,485
51,37,486
52,1,10
52,2,47
52,3,84
52,4,85
52,5,86
52,6,46
52,7,45
52,8,44
52,9,43
52,10,42
52,11,41
52,12,40
52,13,39
52,14,38
52,15,37
52,16,36
52,17,35
52,18,34
52,19,33
52,20,32
52,21,31
52,22,30
52,23,87
52,24,88
52,25,89
52,26,90
52,27,91
52,28,92
52,29,93
52,30,94
52,31,95
52,32,96
52,33,97
52,34,98
52,35,99
52,36,101
52,37,102
52,38,401
52,39,402
52,40,403
52,41,100
52,42,487
52,43,488
52,44,489
52,45,490
52,46,491
52,47,492
52,48,493
53,1,397
53,2,398
53,3,161
53,4,2
53,5,3
53,6,4
53,7,5
53,8,6
53,9,7
53,10,8
53,11,9
53,12,10
53,13,11
53,14,12
53,15,181
53,16,417
53,17,416
53,18,415
53,19,414
53,20,413
53,21,412
53,22,411
53,23,469
53,24,470
53,25,494
54,1,92
54,2,91
54,3,90
54,4,89
54,5,88
54,6,87
54,7,30
54,8,31
54,9,32
54,10,33
54,11,34
54,12,35
54,13,36
54,14,37
54,15,38
54,16,39
54,17,40
54,18,41
54,19,42
54,20,43
54,21,44
54,22,45
54,23,9
54,24,165
55,1,1
55,2,2
55,3,3
55,4,4
55,5,5
55,6,6
55,7,7
55,8,8
55,9,9
55,10,10
55,11,11
55,12,12
55,13,181
55,14,182
55,15,183
55,16,184
55,17,21
55,18,126
55,19,185
55,20,186
55,21,187
55,22,188
55,23,495
55,24,496
55,25,497
55,26,498
55,27,58
55,28,499
55,29,471
55,30,472
55,31,473
55,32,474
55,33,475
55,34,476
55,35,477
55,36,478
55,37,479
55,38,480
55,39,481
55,40,482
55,41,483
55,42,484
55,43,485
55A,1,1
55A,2,195
55A,3,196
55A,4,197
55A,5,198
55A,6,6
55A,7,7
55A,8,8
55A,9,86
55A,10,85
55A,11,84
55A,12,47
55A,13,10
55A,14,11
55A,15,12
55A,16,181
55A,17,183
55A,18,184
55A,19,21
55A,20,126
55A,21,185
55A,22,186
55A,23,187
55A,24,188
55A,25,495
55A,26,496
55A,27,497
55A,28,498
55A,29,58
55A,30,499
55A,31,471
55A,32,472
55A,33,473
55A,34,474
55A,35,475
55A,36,476
55A,37,477
55A,38,478
55A,39,479
55A,40,480
55A,41,481
55A,42,482
55A,43,483
55A,44,484
55A,45,485
55B,1,1
55B,2,2
55B,3,360
55B,4,5
55B,5,6
55B,6,7
55B,7,8
55B,8,9
55B,9,10
55B,10,11
55B,11,12
55B,12,181
55B,13,417
55B,14,416
55B,15,415
55B,16,414
55B,17,413
55B,18,412
55B,19,411
55B,20,469
55B,21,470
55B,22,472
55B,23,473
55B,24,474
55B,25,475
55B,26,476
55B,27,477
55B,28,478
55B,29,479
55B,30,480
55B,31,481
55B,32,482
55B,33,483
55B,34,484
55B,35,485
56,1,1
56,2,2
56,3,360
56,4,5
56,5,6
56,6,7
56,7,8
56,8,9
56,9,122
56,10,123
56,11,124
56,12,103
56,13,125
56,14,126
56,15,127
56,16,128
56,17,129
56,18,130
56,19,131
56,20,217
56,21,218
56,22,220
56,23,221
56,24,321
56,25,500
56,26,138
56,27,501
56,28,502
56,29,503
56,30,226
57,1,10
57,2,47
57,3,84
57,4,85
57,5,86
57,6,8
57,7,7
57,8,6
57,9,230
57,10,5
57,11,4
57,12,3
57,13,2
57,14,160
57,15,231
57,16,232
57,17,233
57,18,234
57,19,235
57,20,236
57,21,237
57,22,238
57,23,239
57,24,240
57,25,303
57,26,304
57,27,305
57,28,306
57,29,307
57,30,308
57,31,309
57,32,310
57,33,427
57,34,428
57,35,429
57,36,430
57,37,162
57,38,431
57,39,432
57,40,433
57,41,434
57,42,435
57,43,436
57,44,438
57,45,439
57,46,440
59B,1,397
59B,2,398
59B,3,399
59B,4,195
59B,5,1
59B,6,2
59B,7,360
59B,8,5
59B,9,6
59B,10,7
59B,11,8
59B,12,9
59B,13,122
59B,14,123
59B,15,124
59B,16,103
59B,17,125
59B,18,126
59B,19,127
59B,20,128
59B,21,129
59B,22,130
59B,23,131
59B,24,217
59B,25,218
59B,26,220
59B,27,221
59B,28,222
59B,29,223
59B,30,224
59B,31,225
59B,32,226
59B,33,39
59B,34,227
59B,35,228
59B,36,229
59B,37,504
60,1,1
60,2,2
60,3,360
60,4,5
60,5,6
60,6,7
60,7,8
60,8,9
60,9,122
60,10,123
60,11,124
60,12,103
60,13,125
60,14,126
60,15,127
60,16,320
60,17,129
60,18,130
60,19,131
60,20,217
60,21,218
60,22,220
60,23,221
62,1,505
62,2,434
62,3,435
62,4,506
62,5,507
62,6,508
62,7,509
62,8,351
62,9,350
62,10,349
62,11,348
62,12,347
62,13,346
62,14,345
62,15,344
62,16,69
62,17,68
62,18,67
62,19,66
62,20,65
62,21,64
62,22,63
62,23,62
62,24,61
62,25,60
62,26,59
62,27,58
62,28,57
62,29,56
62,30,55
62,31,54
62,32,53
62,33,52
62,34,51
62,35,50
62,36,49
62,37,241
62,38,510
62,39,165
64,1,1
64,2,2
64,3,3
64,4,4
64,5,5
64,6,6
64,7,7
64,8,8
64,9,9
64,10,47
64,11,48
64,12,207
64,13,208
64,14,209
64,15,298
64,16,264
64,17,299
64,18,300
64,19,301
64,20,266
64,21,302
64,22,443
64,23,267
64,24,444
64,25,169
64,26,445
64,27,446
64,28,511
64,29,512
64,30,513
64,31,514
64,32,515
64,33,516
64,34,517
64,35,518
64,36,519
64,37,277
64,38,278
64,39,279
64,40,280
64,41,282
64,42,283
65,1,1
65,2,2
65,3,3
65,4,4
65,5,5
65,6,6
65,7,7
65,8,8
65,9,46
65,10,45
65,11,44
65,12,43
65,13,42
65,14,41
65,15,40
65,16,39
65,17,38
65,18,36
65,19,35
65,20,34
65,21,33
65,22,32
65,23,31
65,24,30
65,25,87
65,26,88
65,27,89
65,28,90
65,29,91
65,30,92
65,31,93
65,32,94
65,33,95
65,34,96
65,35,97
65,36,98
65,37,99
65,38,101
65,39,102
65,40,401
65,41,402
65,42,403
65,43,100
66,1,1
66,2,2
66,3,360
66,4,5
66,5,6
66,6,7
66,7,8
66,8,9
66,9,10
66,10,11
66,11,12
66,12,181
66,13,182
66,14,183
66,15,383
66,16,520
66A,1,1
66A,2,2
66A,3,360
66A,4,5
66A,5,6
66A,6,7
66A,7,8
66A,8,9
66A,9,10
66A,10,11
66A,11,12
66A,12,181
66A,13,182
66A,14,183
66A,15,184
66A,16,21
66A,17,126
66A,18,185
66A,19,186
66A,20,187
66A,21,188
66A,22,189
66A,23,190
66A,24,191
67,1,1
67,2,2
67,3,360
67,4,5
67,5,6
67,6,7
67,7,8
67,8,9
67,9,10
67,10,11
67,11,12
67,12,13
67,13,14
67,14,15
67,15,16
67,16,17
67,17,18
67,18,19
67,19,281
67,20,409
67,21,410
67,22,140
67,23,141
71,1,1
71,2,2
71,3,360
71,4,5
71,5,6
71,6,7
71,7,8
71,8,9
71,9,10
71,10,11
71,11,12
71,12,181
71,13,182
71,14,183
71,15,184
71A,1,182
71A,2,181
71A,3,12
71A,4,11
71A,5,10
71A,6,47
71A,7,84
71A,8,85
71A,9,86
71A,10,8
71A,11,7
71A,12,6
71A,13,230
71A,14,5
71A,15,4
71A,16,3
71A,17,2
71A,18,161
71A,19,160
71A,20,159
71A,21,158
71A,22,157
71A,23,322
71A,24,54
71A,25,55
71A,26,142
71A,27,143
71A,28,144
71A,29,145
71A,30,146
71A,31,147
71A,32,148
71C,1,1
71C,2,2
71C,3,360
71C,4,5
71C,5,6
71C,6,7
71C,7,8
71C,8,9
71C,9,10
71C,10,11
71C,11,12
71C,12,181
71C,13,182
71C,14,183
71C,15,184
73,1,1
73,2,2
73,3,360
73,4,5
73,5,6
73,6,7
73,7,8
73,8,9
73,9,10
73,10,11
73,11,12
73,12,181
73,13,182
73,14,183
73,15,184
73,16,21
73,17,126
73,18,185
73,19,186
73,20,187
73,21,188
73,22,189
73,23,190
73,24,191
73,25,192
73,26,193
73,27,521
73,28,396
73A,1,1
73A,2,2
73A,3,360
73A,4,5
73A,5,6
73A,6,7
73A,7,8
73A,8,9
73A,9,10
73A,10,11
73A,11,12
73A,12,181
73A,13,417
73A,14,416
73A,15,415
73A,16,414
73A,17,413
73A,18,412
73A,19,411
73A,20,469
73A,21,470
73A,22,471
73A,23,499
73A,24,58
73A,25,498
73A,26,136
73A,27,522
73A,28,523
73A,29,524
73A,30,525
73A,31,396
73A,32,521
73A,33,526
73A,34,527
73A,35,528
73A,36,529
73A,37,206
73A,38,530
73A,39,531
73A,40,532
73A,41,533
73A,42,534
73B,1,1
73B,2,2
73B,3,3
73B,4,4
73B,5,5
73B,6,6
73B,7,7
73B,8,8
73B,9,9
73B,10,10
73B,11,11
73B,12,12
73B,13,181
73B,14,182
73B,15,183
73B,16,184
73B,17,21
73B,18,126
73B,19,185
73B,20,186
73B,21,187
73B,22,188
73B,23,189
73B,24,190
73B,25,191
73B,26,192
73B,27,193
73B,28,194
73B,29,199
73B,30,200
73B,31,201
73B,32,202
73B,33,528
75,1,421
75,2,420
75,3,419
75,4,256
75,5,418
75,6,91
75,7,90
75,8,89
75,9,88
75,10,87
75,11,30
75,12,31
75,13,32
75,14,33
75,15,34
75,16,35
75,17,36
75,18,37
75,19,38
75,20,39
75,21,40
75,22,41
75,23,42
75,24,43
75,25,44
75,26,45
75,27,9
75,28,165
77,1,86
77,2,46
77,3,45
77,4,44
77,5,43
77,6,42
77,7,41
77,8,40
77,9,39
77,10,38
77,11,37
77,12,36
77,13,35
77,14,34
77,15,33
77,16,32
77,17,31
77,18,30
77,19,87
77,20,88
77,21,89
77,22,90
77,23,91
77,24,92
77,25,93
77,26,94
77,27,95
77,28,96
77,29,97
77,30,98
77,31,99
77,32,100
77,33,101
77,34,102
77,35,401
77,36,402
77,37,403
77,38,487
77,39,488
77,40,489
77,41,490
77,42,492
77,43,493
77,44,535
77,45,536
77,46,537
77A,1,165
77A,2,47
77A,3,84
77A,4,86
77A,5,46
77A,6,45
77A,7,44
77A,8,43
77A,9,42
77A,10,41
77A,11,40
77A,12,39
77A,13,38
77A,14,37
77A,15,36
77A,16,35
77A,17,34
77A,18,33
77A,19,32
77A,20,31
77A,21,30
77A,22,87
77A,23,88
77A,24,89
77A,25,90
77A,26,91
77A,27,92
77A,28,418
77A,29,256
77A,30,419
77A,31,420
77A,32,97
77A,33,98
77A,34,99
77A,35,100
77A,36,101
77A,37,102
77A,38,401
77A,39,402
77A,40,403
77A,41,487
77A,42,488
77A,43,489
77A,44,490
77A,45,491
77A,46,492
77A,47,493
77A,48,535
77A,49,536
77A,50,150
77A,51,538
77A,52,539
77A,53,540
77B,1,10
77B,2,47
77B,3,84
77B,4,85
77B,5,86
77B,6,46
77B,7,45
77B,8,44
77B,9,43
77B,10,42
77B,11,41
77B,12,40
77B,13,39
77B,14,38
77B,15,37
77B,16,36
77B,17,35
77B,18,34
77B,19,33
77B,20,32
77B,21,31
77B,22,30
77B,23,87
77B,24,88
77B,25,89
77B,26,90
77B,27,91
77B,28,92
77B,29,93
77B,30,94
77B,31,95
77B,32,96
77B,33,97
77B,34,98
77B,35,99
77B,36,101
77B,37,102
77B,38,401
77B,39,402
77B,40,403
77B,41,100
77B,42,487
77B,43,488
77B,44,489
77B,45,490
77B,46,491
77B,47,492
77B,48,493
77B,49,535
77B,50,536
77B,51,537
78,1,1
78,2,2
78,3,3
78,4,4
78,5,5
78,6,6
78,7,7
78,8,8
78,9,9
78,10,47
78,11,541
78,12,207
78,13,208
78,14,211
78,15,147
78,16,148
78,17,149
78,18,150
78,19,151
78,20,152
78,21,153
78,22,154
78,23,155
78,24,156
78,25,166
78,26,167
78,27,168
78,28,169
78,29,170
78,30,171
78,31,172
78,32,173
78,33,174
78,34,83
79,1,103
79,2,124
79,3,123
79,4,48
79,5,49
79,6,50
79,7,51
79,8,52
79,9,53
79,10,54
79,11,55
79,12,56
79,13,57
79,14,58
79,15,59
79,16,60
79,17,61
79,18,62
79,19,63
79,20,64
79,21,65
79,22,66
79,23,67
8,1,542
8,2,263
8,3,31
8,4,32
8,5,33
8,6,34
8,7,35
8,8,36
8,9,37
8,10,38
8,11,39
8,12,40
8,13,41
8,14,42
8,15,43
8,16,44
8,17,45
8,18,46
8,19,9
8,20,10
8,21,11
8,22,12
8,23,181
8,24,417
8,25,416
8,26,415
8,27,414
8,28,413
8,29,412
8,30,411
8,31,469
8,32,470
8,33,471
8,34,499
8,35,58
8,36,498
8,37,136
8,38,522
8,39,523
8,40,524
8,41,525
8,42,396
80,1,16
80,2,15
80,3,14
80,4,13
80,5,11
80,6,10
80,7,47
80,8,84
80,9,85
80,10,86
80,11,8
80,12,7
80,13,6
80,14,230
80,15,5
80,16,4
80,17,3
80,18,2
80,19,161
80,20,195
80,21,196
80,22,197
80,23,242
80,24,243
80,25,244
80,26,245
80,27,246
80,28,247
80,29,248
80,30,249
80,31,250
80,32,251
80,33,543
80,34,544
80,35,545
80,36,163
80,37,164
80,38,30
80,39,87
80,40,88
80,41,89
80,42,90
80,43,91
80,44,92
84,1,1
84,2,2
84,3,360
84,4,5
84,5,6
84,6,7
84,7,8
84,8,9
84,9,10
84,10,11
84,11,12
84,12,181
84,13,182
84,14,183
84,15,184
84,16,21
84,17,126
84,18,185
84,19,186
84,20,187
84,21,188
84,22,189
84,23,190
84,24,191
84,25,192
84A,1,1
84A,2,195
84A,3,196
84A,4,197
84A,5,546
84A,6,6
84A,7,7
84A,8,8
84A,9,9
84A,10,10
84A,11,11
84A,12,12
84A,13,181
84A,14,182
84A,15,183
84A,16,184
84A,17,21
84A,18,126
84A,19,185
84A,20,186
84A,21,187
84A,22,188
84A,23,189
84A,24,190
84A,25,191
84A,26,192
85,1,10
85,2,47
85,3,84
85,4,86
85,5,8
85,6,7
85,7,6
85,8,198
85,9,197
85,10,196
85,11,195
85,12,160
85,13,159
85,14,158
85,15,157
85,16,322
85,17,323
85,18,324
85,19,57
85,20,58
85,21,59
85,22,60
85,23,61
85,24,62
85,25,63
85,26,64
85,27,65
85,28,66
85,29,67
85,30,68
85,31,69
85,32,70
85,33,71
85,34,72
85,35,73
85,36,74
85,37,75
85,38,76
85,39,77
85,40,78
85,41,79
85,42,80
85,43,81
85,44,82
85,45,83
85,46,175
85,47,176
85,48,177
85,49,178
85,50,179
86,1,547
86,2,548
86,3,235
86,4,234
86,5,233
86,6,232
86,7,231
86,8,160
86,9,161
86,10,2
86,11,360
86,12,549
86,13,48
86,14,85
86,15,86
86,16,46
86,17,45
86,18,44
86,19,43
86,20,42
86,21,41
86,22,40
86,23,39
86,24,38
86,25,37
86,26,36
86,27,35
86,28,34
86,29,33
86,30,32
86,31,31
86,32,30
86,33,87
86,34,88
86,35,89
86,36,90
86,37,91
86,38,92
86,39,550
89,1,8
89,2,9
89,3,47
89,4,48
89,5,49
89,6,50
89,7,51
89,8,52
89,9,53
89,10,54
89,11,55
89,12,56
89,13,57
89,14,58
89,15,59
89,16,60
89,17,61
89,18,62
89,19,63
89,20,64
89,21,65
89,22,66
89,23,67
89,24,68
89,25,69
89,26,325
89,27,326
89,28,327
89,29,328
89,30,329
89,31,330
89,32,331
89,33,332
89,34,333
89,35,334
89,36,335
89,37,336
89,38,337
89,39,338
89,40,339
89,41,340
89,42,341
89,43,342
89,44,169
89,45,343
8F,1,143
8F,2,142
8F,3,56
8F,4,324
8F,5,407
8F,6,323
8F,7,322
8F,8,157
8F,9,158
8F,10,159
8F,11,160
8F,12,161
8F,13,2
8F,14,3
8F,15,4
8F,16,5
8F,17,6
8F,18,7
8F,19,8
8F,20,46
8F,21,9
8F,22,10
8F,23,11
8F,24,12
8F,25,13
8F,26,14
8F,27,15
8F,28,16
8F,29,17
8F,30,18
8F,31,19
8F,32,20
8F,33,21
8F,34,22
8F,35,23
9,1,165
9,2,10
9,3,47
9,4,84
9,5,86
9,6,8
9,7,7
9,8,6
9,9,230
9,10,5
9,11,4
9,12,3
9,13,198
9,14,242
9,15,243
9,16,244
9,17,245
9,18,246
9,19,247
9,20,248
9,21,249
9,22,250
9,23,551
9,24,552
9,25,172
9,26,237
9,27,553
9,28,408
90,1,10
90,2,47
90,3,84
90,4,85
90,5,86
90,6,8
90,7,7
90,8,6
90,9,230
90,10,5
90,11,4
90,12,3
90,13,198
90,14,242
90,15,243
90,16,244
90,17,245
90,18,246
90,19,247
90,20,248
90,21,249
90,22,250
90,23,251
90,24,252
90,25,253
90,26,254
90,27,255
90,28,363
90,29,364
90,30,365
90,31,366
90,32,367
90,33,368
90,34,369
90,35,370
90,36,371
90,37,372
90,38,554
90,39,555
90A,1,10
90A,2,47
90A,3,84
90A,4,85
90A,5,86
90A,6,8
90A,7,7
90A,8,6
90A,9,230
90A,10,5
90A,11,4
90A,12,3
90A,13,198
90A,14,242
90A,15,243
90A,16,244
90A,17,245
90A,18,246
90A,19,247
90A,20,248
90A,21,249
90A,22,250
90A,23,251
90A,24,252
90A,25,253
90A,26,254
90A,27,255
90A,28,363
90A,29,364
90A,30,365
90A,31,366
90A,32,367
90A,33,368
90A,34,369
90A,35,370
90A,36,371
90A,37,372
90A,38,373
90A,39,374
90A,40,375
90A,41,376
90A,42,377
90A,43,378
90A,44,379
90A,45,380
90A,46,322
90A,47,381
91,1,143
91,2,142
91,3,55
91,4,54
91,5,157
91,6,158
91,7,159
91,8,160
91,9,161
91,10,2
91,11,360
91,12,5
91,13,6
91,14,7
91,15,8
91,16,9
91,17,122
91,18,123
91,19,124
91,20,103
91,21,125
91,22,126
91,23,127
91,24,128
91,25,129
91,26,130
91,27,131
91,28,132
91,29,133
91,30,134
91,31,135
91,32,136
91,33,556
91,34,141
91A,1,143
91A,2,142
91A,3,55
91A,4,54
91A,5,53
91A,6,5
91A,7,6
91A,8,7
91A,9,8
91A,10,9
91A,11,122
91A,12,123
91A,13,124
91A,14,103
91A,15,125
91A,16,126
91A,17,127
91A,18,128
91A,19,129
91A,20,130
91A,21,131
91A,22,132
91A,23,133
91A,24,134
91A,25,135
91A,26,136
91A,27,556
91A,28,141
94,1,1
94,2,2
94,3,360
94,4,5
94,5,6
94,6,7
94,7,8
94,8,9
94,9,47
94,10,48
94,11,207
94,12,208
94,13,268
94,14,269
94,15,270
94,16,271
94,17,272
94,18,274
94,19,162
94,20,275
94,21,276
94,22,557
94,23,558
94,24,278
94,25,279
94,26,280
94,27,281
94,28,282
94,29,283
96,1,1
96,2,195
96,3,196
96,4,197
96,5,198
96,6,6
96,7,7
96,8,8
96,9,9
96,10,10
96,11,11
96,12,12
96,13,13
96,14,14
96,15,15
96,16,16
96,17,17
96,18,18
96,19,19
96,20,20
96,21,21
96,22,22
96,23,23
96,24,24
96,25,25
96,26,26
96,27,27
96,28,28
96,29,559
96,30,560
98,1,165
98,2,47
98,3,84
98,4,85
98,5,86
98,6,8
98,7,7
98,8,6
98,9,230
98,10,5
98,11,4
98,12,3
98,13,2
98,14,161
98,15,160
98,16,231
98,17,232
98,18,233
98,19,234
98,20,235
98,21,236
98,22,237
98,23,238
98,24,239
98,25,240
98,26,303
98,27,304
98,28,305
98,29,306
98,30,307
98,31,308
98,32,309
98,33,310
98,34,427
98,35,428
98,36,429
98,37,430
98,38,82
98,39,561
98,40,562
98,41,563
98,42,564
98,43,138
98,44,565
98,45,566
98,46,567
98,47,568
98A,1,165
98A,2,47
98A,3,84
98A,4,85
98A,5,86
98A,6,8
98A,7,7
98A,8,6
98A,9,230
98A,10,5
98A,11,4
98A,12,3
98A,13,2
98A,14,161
98A,15,160
98A,16,231
98A,17,232
98A,18,233
98A,19,234
98A,20,235
98A,21,236
98A,22,237
98A,23,238
98A,24,239
98A,25,240
98A,26,303
98A,27,304
98A,28,305
98A,29,306
98A,30,307
98A,31,308
98A,32,309
98A,33,310
98A,34,427
98A,35,428
98A,36,429
98A,37,430
98A,38,82
98A,39,561
98A,40,562
98A,41,563
98A,42,564
98A,43,138
98A,44,565
98A,45,566
98A,46,567
98A,47,568
98A,48,569
99,1,1
99,2,2
99,3,3
99,4,4
99,5,5
99,6,6
99,7,7
99,8,8
99,9,9
99,10,122
99,11,123
99,12,124
99,13,103
99,14,125
99,15,126
99,16,127
99,17,128
99,18,129
99,19,130
99,20,131
99,21,217
99,22,218
99,23,220
99,24,221
99,25,321
99,26,282
99,27,283
99,28,284
99,29,285
99,30,286
99,31,287
S13,1,163
S13,2,164
S13,3,30
S13,4,31
S13,5,32
S13,6,33
S13,7,34
S13,8,35
S13,9,36
S13,10,37
S13,11,38
S13,12,39
S13,13,40
S13,14,41
S13,15,42
S13,16,43
S13,17,44
S13,18,45
S13,19,46
S13,20,9
S13,21,47
S13,22,510
S13,23,207
S13,24,208
S13,25,209
S13,26,298
S13,27,264
S13,28,265
S13,29,299
S13,30,300
S13,31,301
S13,32,266
S13,33,302
S13,34,443
S13,35,267
S13,36,444
S13,37,169
S13,38,445
S13,39,446
S13,40,447
S13,41,448
S13,42,449
S13,43,450
S13,44,451
S13,45,452
S14,1,397
S14,2,398
S14,3,399
S14,4,195
S14,5,161
S14,6,2
S14,7,3
S14,8,4
S14,9,5
S14,10,6
S14,11,7
S14,12,8
S14,13,9
S14,14,122
S14,15,123
S14,16,124
S14,17,103
S14,18,125
S14,19,126
S14,20,127
S14,21,128
S14,22,129
S14,23,130
S14,24,131
S14,25,132
S14,26,133
S14,27,134
S14,28,135
S14,29,136
S14,30,137
S14,31,138
S14,32,139
S14,33,140
S14,34,141
S15,1,30
S15,2,31
S15,3,32
S15,4,33
S15,5,34
S15,6,35
S15,7,36
S15,8,37
S15,9,38
S15,10,39
S15,11,40
S15,12,41
S15,13,42
S15,14,43
S15,15,44
S15,16,45
S15,17,46
S15,18,8
S15,19,7
S15,20,6
S15,21,230
S15,22,5
S15,23,207
S15,24,208
S15,25,209
S15,26,298
S15,27,264
S15,28,265
S15,29,299
S15,30,300
S15,31,301
S15,32,266
S15,33,302
S15,34,443
S15,35,267
S15,36,444
S15,37,169
S15,38,445
S15,39,446
S15,40,447
S15,41,448
S15,42,449
S15,43,450
S15,44,451
S15,45,452
S17,1,130
S17,2,129
S17,3,320
S17,4,127
S17,5,126
S17,6,125
S17,7,103
S17,8,124
S17,9,123
S17,10,47
S17,11,84
S17,12,85
S17,13,86
S17,14,8
S17,15,7
S17,16,6
S17,17,230
S17,18,5
S17,19,4
S17,20,3
S17,21,2
S17,22,1
S19,1,248
S19,2,247
S19,3,382
S19,4,245
S19,5,244
S19,6,243
S19,7,198
S19,8,3
S19,9,4
S19,10,5
S19,11,6
S19,12,7
S19,13,8
S19,14,9
S19,15,10
S19,16,11
S19,17,12
S19,18,181
S19,19,417
S19,20,416
S19,21,415
S19,22,414
S19,23,413
S19,24,412
S19,25,411
S19,26,469
S19,27,470
S19,28,471
S19,29,472
S19,30,473
S19,31,474
S19,32,475
S19,33,476
S19,34,477
S19,35,478
S19,36,479
S19,37,480
S19,38,481
S19,39,482
S19,40,483
S19,41,484
S19,42,485
S22,1,163
S22,2,164
S22,3,30
S22,4,31
S22,5,32
S22,6,33
S22,7,34
S22,8,35
S22,9,36
S22,10,37
S22,11,38
S22,12,39
S22,13,40
S22,14,41
S22,15,42
S22,16,43
S22,17,44
S22,18,45
S22,19,46
S22,20,9
S22,21,10
S22,22,11
S22,23,12
S22,24,181
S22,25,182
S22,26,183
S22,27,184
S22,28,21
S22,29,126
S22,30,185
S22,31,186
S22,32,187
S22,33,188
S22,34,189
S22,35,190
S22,36,191
S22,37,393
S22,38,394
S22,39,395
S22,40,525
S24,1,213
S24,2,214
S24,3,215
S24,4,62
S24,5,61
S24,6,60
S24,7,59
S24,8,58
S24,9,57
S24,10,56
S24,11,55
S24,12,54
S24,13,53
S24,14,241
S24,15,48
S24,16,86
S24,17,46
S24,18,45
S24,19,44
S24,20,43
S24,21,42
S24,22,41
S24,23,40
S24,24,39
S24,25,38
S24,26,37
S24,27,36
S24,28,35
S24,29,34
S24,30,33
S24,31,32
S24,32,31
S24,33,30
S24,34,87
S24,35,88
S24,36,89
S24,37,90
S24,38,91
S24,39,92
S25,1,1
S25,2,2
S25,3,3
S25,4,4
S25,5,5
S25,6,6
S25,7,7
S25,8,8
S25,9,9
S25,10,122
S25,11,123
S25,12,124
S25,13,103
S25,14,125
S25,15,126
S25,16,127
S25,17,128
S25,18,129
S25,19,130
S25,20,131
S25,21,132
S25,22,133
S25,23,134
S25,24,135
S25,25,136
S25,26,137
S25,27,138
S25,28,139
S25,29,140
S25,30,141
S26,1,82
S26,2,39
S26,3,40
S26,4,41
S26,5,42
S26,6,43
S26,7,44
S26,8,45
S26,9,46
S26,10,8
S26,11,7
S26,12,6
S26,13,230
S26,14,5
S26,15,207
S26,16,208
S26,17,209
S26,18,298
S26,19,264
S26,20,265
S26,21,299
S26,22,300
S26,23,301
S26,24,266
S26,25,302
S26,26,443
S26,27,267
S26,28,444
S26,29,169
S26,30,445
S26,31,446
S26,32,447
S26,33,448
S26,34,449
S26,35,450
S26,36,451
S26,37,452
S27,1,10
S27,2,47
S27,3,84
S27,4,85
S27,5,86
S27,6,46
S27,7,45
S27,8,44
S27,9,43
S27,10,42
S27,11,41
S27,12,40
S27,13,39
S27,14,38
S27,15,37
S27,16,36
S27,17,35
S27,18,34
S27,19,33
S27,20,32
S27,21,31
S27,22,30
S27,23,87
S27,24,88
S27,25,89
S27,26,90
S27,27,91
S27,28,92
S27,29,93
S27,30,94
S27,31,95
S27,32,96
S27,33,97
S27,34,98
S27,35,99
S27,36,101
S27,37,102
S27,38,401
S27,39,402
S27,40,403
S27,41,100
S27,42,487
S27,43,488
S27,44,489
S27,45,490
S27,46,491
S27,47,492
S30,1,408
S30,2,553
S30,3,237
S30,4,172
S30,5,552
S30,6,551
S30,7,250
S30,8,249
S30,9,248
S30,10,247
S30,11,382
S30,12,245
S30,13,244
S30,14,243
S30,15,198
S30,16,3
S30,17,4
S30,18,5
S30,19,6
S30,20,7
S30,21,8
S30,22,9
S30,23,10
S30,24,11
S30,25,12
S30,26,13
S30,27,14
S30,28,15
S30,29,16
S30,30,17
S30,31,18
S30,32,19
S30,33,281
S30,34,410
S30,35,140
S30,36,141
S5,1,542
S5,2,31
S5,3,32
S5,4,33
S5,5,34
S5,6,35
S5,7,36
S5,8,37
S5,9,38
S5,10,39
S5,11,40
S5,12,41
S5,13,42
S5,14,43
S5,15,44
S5,16,45
S5,17,46
S5,18,9
S5,19,10
S5,20,11
S5,21,12
S5,22,13
S5,23,14
S5,24,15
S5,25,16
S5,26,17
S5,27,18
S5,28,19
S5,29,20
S5,30,21
S5,31,22
S5,32,23
S5,33,24
S5,34,25
S5,35,26
S5,36,27
S5,37,362
S6,1,64
S6,2,63
S6,3,62
S6,4,61
S6,5,60
S6,6,59
S6,7,58
S6,8,57
S6,9,56
S6,10,55
S6,11,54
S6,12,53
S6,13,52
S6,14,51
S6,15,319
S6,16,241
S6,17,48
S6,18,85
S6,19,86
S6,20,46
S6,21,45
S6,22,44
S6,23,43
S6,24,42
S6,25,41
S6,26,40
S6,27,39
S6,28,38
S6,29,37
S6,30,36
S6,31,35
S6,32,34
S6,33,33
S6,34,32
S6,35,31
S6,36,30
S6,37,164
S6,38,163
S7,1,19
S7,2,18
S7,3,17
S7,4,16
S7,5,15
S7,6,14
S7,7,13
S7,8,11
S7,9,10
S7,10,47
S7,11,84
S7,12,85
S7,13,86
S7,14,8
S7,15,7
S7,16,6
S7,17,230
S7,18,5
S7,19,360
S7,20,2
S7,21,161
S7,22,195
S7,23,243
S7,24,244
S7,25,245
S7,26,246
S7,27,247
S7,28,248
S7,29,249
S7,30,250
S7,31,251
S7,32,543
S7,33,544
S7,34,545
S7,35,163
S7,36,164
S7,37,30
S7,38,87
S7,39,88
S7,40,89
S7,41,90
S7,42,91
S7,43,92
